{"AP": 0.002117007594505565, "PR": 0.0026539912186236097, "RI": 0.007765338840612765, "IL": 0.003764979016883293, "LA": 0.006438234026138649, "IS": 0.01075579844466222, "ST": 0.013178580493639949, "TH": 0.026030746757130865, "HE": 0.024548301239440736, "EF": 0.002757583235592286, "FO": 0.004012015654720185, "OU": 0.005371896578576055, "UR": 0.0035674123175735042, "RT": 0.00515623822404333, "HM": 0.00035509150577203155, "MO": 0.0033070380892463026, "ON": 0.012676491559052502, "NT": 0.01124805163429748, "HO": 0.003679748027871254, "OF": 0.007921575026159733, "FT": 0.003446143624998675, "EY": 0.0016413244681650352, "YE": 0.0013176622081062497, "EA": 0.009391192577450339, "AR": 0.010932863694834066, "IN": 0.019436458554049102, "EJ": 0.0003206991599880672, "JU": 0.0006437061890729839, "UL": 0.00200677590366835, "LI": 0.0057116920812803245, "IA": 0.0034914346459813256, "AN": 0.01856888178223757, "NA": 0.007076094098855891, "ND": 0.010593657900006279, "DG": 0.0004905714301356625, "GR": 0.0015510190792775895, "RE": 0.01253047697669789, "EG": 0.0019354285309581784, "GO": 0.0015396180603322702, "OR": 0.01075236940256564, "NC": 0.0037536508013795147, "CA": 0.005345963992699154, "AL": 0.009695336234831986, "LE": 0.007247546203684926, "EN": 0.010855619243359075, "DA": 0.0038781738077912262, "RS": 0.00437322264958166, "SA": 0.008010133132450194, "DC": 0.0008816205556847898, "CO": 0.005662331347915533, "OM": 0.004942196105912816, "ME": 0.0066662034426359556, "ES": 0.012987995644373942, "SB": 0.0015782694074463826, "BE": 0.004768152198564922, "ET": 0.006701389345932716, "TW": 0.001858373368431193, "WE": 0.002470082444946911, "EE": 0.0033382343639466175, "NM": 0.001233319421081011, "MA": 0.006165359446898859, "RC": 0.001580489912413383, "CH": 0.005018625158842549, "HA": 0.006737296003300733, "DM": 0.0008566780966128461, "AY": 0.0022128897270150506, "YI": 0.001373793661534354, "IT": 0.008723752466434993, "TI": 0.009436075899160361, "SO": 0.006032274755761927, "NE": 0.006213234990056215, "EO": 0.0037154581159471105, "FF": 0.0010769303483068075, "RM": 0.002013757753712131, "HS": 0.0005378499850723824, "TO": 0.008762527579399725, "OH": 0.0007157670355102571, "AV": 0.0015386861762805455, "VE": 0.005575928223494684, "ED": 0.011092951182438552, "YS": 0.0014916842744216814, "LW": 0.00039949432476788226, "WA": 0.005197969156734627, "GI": 0.001732874795902832, "NS": 0.004842382587560117, "AM": 0.004794820099201387, "YO": 0.0014326625243643997, "EW": 0.003601447926493918, "EK": 0.0005436596997073534, "KA": 0.000857406131028256, "AS": 0.010013975057424443, "SJ": 0.00016839436028431317, "LY": 0.0024290504252944085, "YA": 0.0017777945193336237, "AD": 0.0032539352589863037, "DD": 0.0007831029385915202, "DI": 0.005812641333321064, "IO": 0.004791391057104806, "LL": 0.004775658233387798, "YJ": 0.00013395833243542423, "JA": 0.0007921087243101408, "NU": 0.001063250581641255, "UA": 0.0013062029464076977, "RY": 0.002144454491966519, "NL": 0.0008931963028898074, "PY": 9.130279603655735e-05, "SE": 0.006775248437376052, "DS": 0.002450833215003473, "SD": 0.0009136977520277506, "DE": 0.006286759185668462, "EC": 0.005964705881667733, "CE": 0.004348578684620034, "EM": 0.004672510317412521, "MB": 0.001536298223398001, "ER": 0.01830103792080826, "RA": 0.007051785029725354, "LC": 0.0005957869638507033, "YM": 0.0007442331811527848, "AK": 0.0011675415116487254, "KI": 0.0013608055275634412, "NG": 0.007241044856355315, "TT": 0.0035117031241063378, "TA": 0.006110735024710653, "LS": 0.00203437568835654, "OC": 0.0017893702665386414, "SF": 0.0014648998882787507, "FI": 0.0023398662094066937, "IR": 0.002858517926944717, "RO": 0.007337553098462054, "UT": 0.002610542124711946, "AT": 0.010216142934239622, "UN": 0.004250374122325391, "EP": 0.003306244531733506, "PT": 0.0007973141703803216, "TE": 0.009969601359805208, "DN": 0.0005471906666220915, "NO": 0.004590635567055522, "OV": 0.002047611354028692, "EL": 0.005423441415187078, "LB": 0.0006198994636890797, "EV": 0.001977356032941635, "YY": 6.086367712826883e-05, "DO": 0.002716500253530705, "AC": 0.003947409880696709, "OT": 0.004064994719129565, "SL": 0.0012377677113591657, "TD": 0.0004169671507377202, "EX": 0.0010118877536340856, "XA": 0.00026653339948156963, "CT": 0.0027914368359088474, "TL": 0.0011015451918918167, "YW": 0.0007502467454240708, "KS": 0.0006203435646824797, "PA": 0.0030661096601546996, "MM": 0.0010027727627531537, "NY": 0.0009922817868270968, "TS": 0.0032860124553292644, "OB": 0.001248731909655239, "VI": 0.0025889704649833503, "US": 0.003930068100921645, "SY": 0.00045941883750027227, "SM": 0.00153812558978068, "LF": 0.0005344209429758017, "NI": 0.0054519148411737595, "SH": 0.004135184517119234, "FE": 0.0018424658164544864, "EB": 0.0023209518752943443, "BR": 0.0013587015081029065, "RU": 0.0012973209265396968, "SI": 0.00650853302929063, "IM": 0.0020715855273281403, "AF": 0.001335389846121481, "DY": 0.00043679152786933213, "YB": 0.0005650275097996344, "SS": 0.003946376071826827, "OL": 0.0033908712521807543, "LO": 0.003442918432538409, "OW": 0.0028253195576020246, "WI": 0.002532518676412465, "GY": 0.0002326506777883922, "DJ": 0.0001841126233130132, "SP": 0.002266210967599673, "GM": 0.00022302606281667312, "HI": 0.005622529706425072, "RN": 0.002241712609521129, "NH": 0.001153410363645619, "MI": 0.0028451584954219448, "PH": 0.0008148597997917007, "AU": 0.001643581374852806, "TU": 0.0018257283052442125, "UM": 0.0013266898348573326, "MN": 0.00013009246968959757, "NF": 0.001236166035645264, "FA": 0.0017479451083018173, "LM": 0.0005483482413425933, "EI": 0.004147713989408439, "HH": 0.0002914103354561264, "EQ": 0.00022778012754929986, "QU": 0.0007080207493302957, "UI": 0.000773398239834106, "IV": 0.0021420665390839743, "VA": 0.001038424608075777, "SU": 0.0021323836813590224, "CL": 0.001233166533853775, "WH": 0.0019587183519071414, "LG": 0.000261641008210015, "SN": 0.0008278697747950758, "TC": 0.0010494616098133914, "FR": 0.0024163680657779676, "MT": 0.0008587675553850725, "NW": 0.001034740753933803, "WO": 0.001942679753735661, "RD": 0.002075742603840131, "PE": 0.0036011203110069834, "GT": 0.0011476516114197264, "OO": 0.0018401870687342534, "OP": 0.002566270351910869, "NR": 0.0006117745996131051, "RR": 0.0013677728169189142, "FL": 0.0007008277693060457, "GA": 0.002305335537083802, "LD": 0.0020101175816350813, "HR": 0.0008227080107898195, "OD": 0.0017022755094231532, "KG": 4.981211470234633e-05, "IG": 0.0018341662241188133, "YT": 0.001464914448967059, "DR": 0.0011920180286948067, "RB": 0.0008963778132851487, "WY": 0.00016090288614974515, "RW": 0.0007991924991720792, "PU": 0.0009481556209091018, "OJ": 0.0001349921413053063, "YQ": 1.5900271632552528e-05, "WF": 5.988811101161955e-05, "EH": 0.0015874208000480853, "CU": 0.0009120523942489242, "LT": 0.0014441654681278764, "SC": 0.002605991909615634, "LU": 0.0011266696595676128, "UD": 0.000872680293063556, "GS": 0.0008067494964040341, "GK": 5.187245209795639e-05, "KR": 0.00016218422672086659, "TY": 0.0020365233898819992, "NB": 0.0011755862919390048, "OX": 0.00018436015501425258, "XC": 0.00010660607944847375, "HC": 0.0004108079795833523, "TR": 0.003589479040704579, "EU": 0.0013358630684914975, "LP": 0.0006290435759466282, "RG": 0.0012529035468555377, "GH": 0.0016942016077562574, "HT": 0.0015372228271055717, "RK": 0.0010227136253912312, "MW": 0.0002174493191946332, "OS": 0.002763458473324644, "RP": 0.0008046381965993454, "PO": 0.0025247505492000414, "OE": 0.0004935782122713055, "FW": 0.00020240084782811025, "RF": 0.0007906890572000915, "MP": 0.0017239418136257524, "PL": 0.0023899185754661257, "YF": 0.0004780201168139956, "UG": 0.0009828027787384596, "GU": 0.0010417298843217382, "GB": 0.0002437168009026229, "NJ": 0.0005975415267918412, "AE": 0.00034873576532550303, "TB": 0.0008107828070654051, "BU": 0.0015469930489603726, "HW": 0.00043684977062256495, "XT": 0.00026354117803423487, "IX": 0.00020926621236542575, "AB": 0.0019157352000213402, "BO": 0.0022940000412358694, "BC": 0.00010072356137196163,