{"A": 0.09060901519587536, "P": 0.020650285578156458, "R": 0.06464181173294546, "I": 0.07578295356223644, "L": 0.04201962949490649, "S": 0.06882942323528232, "T": 0.08658157679310774, "H": 0.0492323461753628, "E": 0.1200223256899429, "F": 0.0215891126715301, "O": 0.07299404113836461, "U": 0.026714612752985315, "M": 0.0280453477574632, "N": 0.07255524661925658, "Y": 0.01618452191340845, "W": 0.01686349787234908, "D": 0.036118838429061655, "C": 0.03189352993747071, "B": 0.016252290463592414, "G": 0.018751280192101354, "K": 0.00758612803977924, "J": 0.0020637537426188785, "X": 0.0017234641155555062, "V": 0.010062476111879345, "Z": 0.0013857162979335402, "Q": 0.0008467744868340919}