{"A": 0.09257082746461762, "P": 0.02027693773729599, "R": 0.06550354190560605, "I": 0.07610610358932249, "L": 0.04170902583208054, "S": 0.06790258273483141, "T": 0.08312944426330544, "H": 0.04789650291947259, "E": 0.11931251419439588, "F": 0.0213494052268284, "O": 0.0718990329846546, "U": 0.026257128867441644, "M": 0.028037267644632862, "N": 0.07460829655637176, "Y": 0.016084617109776923, "J": 0.0027009494187537077, "D": 0.03746909903448441, "G": 0.018937820364716845, "C": 0.03216595806470835, "B": 0.01680518188683877, "W": 0.01711113106734322, "V": 0.010103625141780152, "K": 0.00792469095576321, "X": 0.0017293438163978757, "Q": 0.0007875512231360308, "Z": 0.0016214199954432326}