{"AP": 0.00209495942353011, "PR": 0.0024063506446596016, "RI": 0.007969785158045611, "IL": 0.0035352660236357787, "LA": 0.006359802994900778, "LI": 0.005426528741042125, "IS": 0.01156409937255236, "ST": 0.013669656186629511, "TH": 0.02821572830292801, "HE": 0.025018992205365072, "EF": 0.0026554870844204947, "FO": 0.003918101645242927, "OU": 0.00578425910533857, "UR": 0.0036883220627543056, "RT": 0.005454879693612624, "HM": 0.00037419346916841726, "MO": 0.0034221750514511133, "ON": 0.011981777337249597, "NT": 0.011831106688623208, "HO": 0.00383398730182342, "OF": 0.008412177332431891, "FT": 0.003661339776859624, "EY": 0.0017192017638750442, "YE": 0.001139942921907047, "EA": 0.009868321361214872, "AR": 0.011027386511821193, "RW": 0.0007393537382764412, "WI": 0.0024842864356568483, "IT": 0.00898306775529632, "HD": 0.00015411186769701457, "DA": 0.0036092131288920724, "AY": 0.0020762282424524976, "YS": 0.001592815172553869, "EN": 0.010931658054038323, "NA": 0.006034334059391452, "AM": 0.004451295077379134, "ME": 0.00694148633212308, "LC": 0.000595800156364302, "CO": 0.005579389256349821, "OM": 0.005224005177783349, "ES": 0.013375236432280151, "SF": 0.0016248028680058248, "FR": 0.002245942910253828, "RO": 0.007058096732902704, "MT": 0.0008016867291693723, "HA": 0.007337343839531575, "AT": 0.010349700983480857, "TL": 0.0011736121221321495, "TI": 0.009542774216181214, "IN": 0.01907995645137266, "NW": 0.0009882164447021708, "WO": 0.0019489031368393334, "OR": 0.010578815785012654, "RD": 0.0020259004135445915, "PE": 0.0039892332076232545, "ER": 0.01829183907467496, "IR": 0.002698072170419492, "RE": 0.012700561970626615, "EW": 0.0032802247647877886, "WH": 0.0023417495775610304, "HI": 0.005746014647940022, "IC": 0.005637068780544974, "CH": 0.00494773003307911, "AN": 0.018356440141773532, "NS": 0.0047393798602575685, "TO": 0.009168971794634459, "OO": 0.0018927486983686627, "OP": 0.00286461935248536, "SP": 0.002341084796604205, "OB": 0.0012359842177872469, "BA": 0.0019622378607380094, "AB": 0.0019711928512740704, "BL": 0.001174276903088975, "LY": 0.0025176819025467877, "YR": 0.00043109089812024584, "FE": 0.0017434076116559251, "RS": 0.004235866942605511, "OG": 0.0009653401588349408, "GR": 0.001546319610338251, "OW": 0.003069723830047106, "NG": 0.007231526353109824, "GP": 0.00020764628710254947, "PL": 0.002558937426632134, "TS": 0.0034195941371481437, "SI": 0.006618246368057228, "GA": 0.002138834966680592, "LB": 0.0005486398131918585, "BE": 0.004771641289044688, "EG": 0.002035129137415816, "GI": 0.0018936872126606517, "SO": 0.006503434786337249, "SA": 0.008155962930718914, "ED": 0.01008093395311253, "YO": 0.001567279762859337, "FW": 0.00021433320143297055, "WE": 0.002651967655825536, "EE": 0.003467849413661241, "EK": 0.0005306516225954042, "KA": 0.0007293820239240589, "AS": 0.009174641985148559, "SJ": 0.00014421836286896466, "JU": 0.0004649556221561795, "UL": 0.0020903059568323315, "YI": 0.0012885801229007927, "AL": 0.009721639398329436, "LL": 0.005046391348024445, "ND": 0.010621635499584649, "LS": 0.0021046182997851623, "OJ": 0.00011156588646018335, "JA": 0.0005345229940498585, "NU": 0.0009454749396545087, "UA": 0.0011872205793659891, "RY": 0.002318560453596471, "NL": 0.0009072695870181262, "LE": 0.0073953753065862235, "PY": 0.00011418590552531911, "FL": 0.0008675000438950956, "LO": 0.003815138806459309, "SW": 0.0018884862792925463, "ET": 0.0071524956287719234, "TP": 0.0006716242902045738, "AA": 0.0006410834709527675, "DI": 0.005613488608958752, "SB": 0.0014359659715052202, "BI": 0.0010711576452566921, "HS": 0.0005174342129832269, "NE": 0.006194585374748561, "EI": 0.0043595553053372175, "IA": 0.0031643964592514887, "DT": 0.0034163484418883484, "EM": 0.0044740149441977, "NI": 0.0050886635959261125, "GO": 0.0015853461629801238, "NN": 0.0011743551126133075, "NO": 0.004785875422473186, "OC": 0.0017647588117986732, "CE": 0.0042601509999107235, "NC": 0.003616955871800981, "NP": 0.0009007781964985362, "PO": 0.00255670845518866, "OE": 0.0005179425748913875, "TR": 0.003927956045308811, "YP": 0.0007514371097857986, "SU": 0.002215675824337185, "US": 0.004289714200108375, "SE": 0.0066078445013210176, "LT": 0.0015573471532691209, "DO": 0.0026959996180246832, "TE": 0.009715343531620678, "RF": 0.0007678611098956048, "EX": 0.0010416726545833734, "XA": 0.00027979457329919803, "MP": 0.001766596735620485, "SH": 0.003689143262759796, "BR": 0.0011601991887091412, "GM": 0.0002274332967586493, "MA": 0.006293559527791226, "YF": 0.0004554140601876254, "AU": 0.0015489787341655531, "UG": 0.0009539606730445752, "GU": 0.0009698763112462207, "TA": 0.006253594460857365, "IG": 0.0018197010026421915, "GH": 0.0017198665448318697, "HT": 0.0015738884676654258, "SD": 0.0009745688827061653, "SM": 0.0017010180494677588, "HW": 0.0004826700794174704, "WA": 0.00445845124885555, "FI": 0.0022661600722937558, "TC": 0.0010955981216105703, "CA": 0.0057963033720857616, "DS": 0.0025115424548866933, "XT": 0.00027541483993658304, "NB": 0.0012240572653265543, "EC": 0.006073790764417154, "TW": 0.0019208259176039981, "IX": 0.00019564112511752447, "EO": 0.004088090046379421, "OL": 0.003180624935550464, "LD": 0.0019048320698780202, "DR": 0.0010769451500572905, "RB": 0.0009066048060613007, "NM": 0.0010475774736704703, "RC": 0.0015265326006821513, "BO": 0.002068172661446259, "UT": 0.002956711067386773, "TB": 0.0008152560816410455, "BC": 0.00010096849591314175, "CW": 9.568935302070406e-05, "HR": 0.0008188537197603363, "MU": 0.0014653336478920402, "LU": 0.0010622026547206312, "NJ": 0.00035925545002092694, "EB": 0.002343391977572011, "RU": 0.0012643351703577456, "YW": 0.0007176505952741974, "AD": 0.0031298278494965633, "DD": 0.000781625986178109, "DE": 0.006005865792534455, "OT": 0.004625936945213407, "BY": 0.0014561049240208158, "YK": 0.000116453981730959, "KI": 0.0013763312092017572, "GN": 0.0004956528604566506, "UM": 0.0012088064080817342, "PI": 0.0015492915722628826, "IU": 0.0002494492778582228, "OS": 0.002813900475955792, "OV": 0.0017882607738605625, "VE": 0.006050484326166095, "DF": 0.0008670307867491011, "YT": 0.0016811919350494928, "MV": 2.9524095435484904e-05, "VI": 0.0022341332720796337, "CR": 0.0011293455313600054, "WR": 0.0004596373745015756, "AG": 0.0019220381652311504, "SN": 0.0009182580251868299, "RA": 0.006676356044636209, "TU": 0.0018995529269855824, "SC": 0.0025892827220731092, "AE": 0.00028687253525128115, "HH": 0.0002761187256555747, "NY": 0.0011459650552806426, "YD": 0.00048130141274165325, "HJ": 3.9534914550033426e-05, "YA": 0.0016892084112935647, "MM": 0.0009990875685843758, "AF": 0.0011932427127395845, "RJ": 0.00011962146746642162, "DB": 0.001408318904653713, "EP": 0.0033511999081194507, "PT": 0.0007658276622629621, "MB": 0.0011815503888518892, "MF": 0.0001496930295722334, "AK": 0.001244235322604316, "KE": 0.002022380984949633, "FA": 0.0018369070979953217, "IM": 0.0021994082432760438, "TT": 0.0034778602327757892, "UN": 0.004287837171524397, "EL": 0.005329588035632103, "DJ": 0.00015375992483751874, "TM": 0.0010496891308274454, "GL": 0.0007108072618951114, "IO": 0.0045848378401767255, "IW": 0.00011019721978436618, "ID": 0.002136957938096614, "OD": 0.0018317061646272164, "IB": 0.0006812440616974603, "AC": 0.003909537702328528, "CT": 0.0025548314266046826, "IV": 0.0023232530250564157, "IE": 0.0032901964791401707, "FH": 0.00031475423067578543, "HU": 0.0008126751673380759, "GS": 0.0008903763297623255, "AV": 0.001639506258580318, "EH": 0.0015391243340996694, "MI": 0.0026205274270439073, "AH": 0.0006753783473725295, "XP": 0.00022583000150983487, "SS": 0.003795742844424871, "MS": 0.0009121576822889018, "LF": 0.0005013230509707503, "RH": 0.0007523365193156213, "FS": 0.0005405060226612878, "FU": 0.0005005800604895924, "UC": 0.0012282414748783382, "CU": 0.0009055880822449794, "LP": 0.0006339664042385182, "DC": 0.0007914412814818265, "CL": 0.0012226494938885708, "YB": 0.0006146095469662467, "WL": 0.00012263253415321942, "PU": 0.001007690616260941, "NH": 0.0009572845778287026, "WT": 0.00023803068730569087,